--Doctors
INSERT INTO [dbo].[Doctor]([Id], [NameAr], [NameFo] ,[NumberOfReviewer] ,[Rank])
VALUES ('1bba0871-8feb-4d0e-977a-a7804dab64af', N'د. طارق خليل حيدر', N'Dr. Tarek Khalil Haydar', 1320, 4.3)

INSERT INTO [dbo].[Doctor]([Id], [NameAr], [NameFo] ,[NumberOfReviewer] ,[Rank])
VALUES ('195878f2-2d82-4a5b-8acf-bc0a49ab7562', N'د. طارق كريم حيدر', N'Dr. Tarek Karim Haydar', 201, 4)

INSERT INTO [dbo].[Doctor]([Id], [NameAr], [NameFo] ,[NumberOfReviewer] ,[Rank])
VALUES ('55e1999c-e1a5-4a2b-88a4-0b90065f1463', N'آمن محمود عياش', N'Dr. Amen Mahmoud Ayach', 13, 3)

INSERT INTO [dbo].[Doctor]([Id], [NameAr], [NameFo] ,[NumberOfReviewer] ,[Rank])
VALUES ('f3115f13-91ff-43dd-ab69-7f1ca6da6cf5', N'د. طارق خليل كرم', N'Tarek Khalil Karam', 2020, 4.9)

INSERT INTO [dbo].[Doctor]([Id], [NameAr], [NameFo] ,[NumberOfReviewer] ,[Rank])
VALUES ('1f206202-94cd-43d8-b6e6-cf5e13b2fe7f', N'مركز الحميدي الاسلامي', N'Hamidi Islamic Center', 4500, 4.6)

INSERT INTO [dbo].[Doctor]([Id], [NameAr], [NameFo] ,[NumberOfReviewer] ,[Rank])
VALUES ('deb10937-8f54-4676-8437-42611ea4ed46', N'امن ياسر', N'Dr. Amen Yasser', 20, 1.3)
--AspNetUsers
INSERT INTO AspNetUsers (Id, AccessFailedCount, ConcurrencyStamp, Email, EmailConfirmed, LockoutEnabled, LockoutEnd, NormalizedEmail, NormalizedUserName, PasswordHash, PhoneNumber, PhoneNumberConfirmed, SecurityStamp, TwoFactorEnabled, UserName)
VALUES ('bcfd192b-724c-4c35-ac94-3293a5c3e475', 0, 'c2516a21-d8e3-4f2c-a648-2c185e650c8f', 'aayach@netways.com', 1, 1, NULL, 'AAYACH@NETWAYS.COM', 'AAYACH@NETWAYS.COM', 'AQAAAAEAACcQAAAAEM+ThcC+2Md+hmwCj6U4HwVd97mGBlkdaxasXTCeZO660rE0glOknuLid5FkF/HtJw==', NULL, 0, 'e3dd16e9-c410-449b-9506-f43e1d12609f', 0, 'aayach@netways.com')
--Reviews
INSERT INTO DoctorReview (Id, DoctorId, ReviewerName, Description, Rank, IsApproved, UserId)
VALUES        ('9cf9ee2c-73eb-40d0-8595-afac246aaced', 'f3115f13-91ff-43dd-ab69-7f1ca6da6cf5', N'Samer',N'ahhh', 1, 1, 'bcfd192b-724c-4c35-ac94-3293a5c3e475')
INSERT INTO DoctorReview (Id, DoctorId, ReviewerName, Description, Rank, IsApproved, UserId)
VALUES        ('e4a0bbee-0f80-4c56-ad31-b1861f7a4451', 'f3115f13-91ff-43dd-ab69-7f1ca6da6cf5', N'Abo L Laban', N'Great!', 5, 0, 'bcfd192b-724c-4c35-ac94-3293a5c3e475')
INSERT INTO DoctorReview (Id, DoctorId, ReviewerName, Description, Rank, IsApproved, UserId)
VALUES        ('0f2a8fd2-3916-4b8c-856a-640ba7dc2b63', 'f3115f13-91ff-43dd-ab69-7f1ca6da6cf5', N'Mohamad Othman', N'I got a lot of health improvment via Dr. Tarek instructions', 4.5, 1, 'bcfd192b-724c-4c35-ac94-3293a5c3e475')
--Province
INSERT INTO Province (Id, NameAr, NameFo)
VALUES        ('e52f0d16-55d6-423f-aacb-df1eefba349a', N'عكار', N'Akkar')
INSERT INTO Province (Id, NameAr, NameFo)
VALUES        ('a1ae9e10-47b5-4c07-b4b0-3815bc75f8a5', N'الشمال', N'North Lebanon')
INSERT INTO Province (Id, NameAr, NameFo)
VALUES        ('1154c440-14fc-4004-9418-27869948de88', N'البقاع', N'Bekaa')
INSERT INTO Province (Id, NameAr, NameFo)
VALUES        ('ea426038-c51d-4d63-beae-ab10d98c1c40', N'جبل لبنان', N'Mount Lebanon')
INSERT INTO Province (Id, NameAr, NameFo)
VALUES        ('6b4369d0-7b1a-45c7-aace-d9dc583c64b4', N'بيروت', N'Beirut')
INSERT INTO Province (Id, NameAr, NameFo)
VALUES        ('b178fa1d-f2de-4797-9dc2-e2b63caf9bbc', N'الجنوب', N'South Lebanon')
--Kaza
INSERT INTO Kaza (Id, ProvinceId, NameAr, NameFo)
VALUES        ('818cd373-b7c6-4fcc-83c1-d16fd495ab18', 'e52f0d16-55d6-423f-aacb-df1eefba349a', N'حلبا',N'Halba')
INSERT INTO Kaza (Id, ProvinceId, NameAr, NameFo)
VALUES        ('2e48ac47-d05f-467b-84e6-36fa05f1f8c4', 'e52f0d16-55d6-423f-aacb-df1eefba349a', N'مشحا',N'Mashha')
INSERT INTO Kaza (Id, ProvinceId, NameAr, NameFo)
VALUES        ('949f6a9b-407b-4ab5-9ec8-bf8aa2594b31', 'e52f0d16-55d6-423f-aacb-df1eefba349a', N'برقايل',N'Berkayel')
INSERT INTO Kaza (Id, ProvinceId, NameAr, NameFo)
VALUES        ('7987dc17-f3f8-4fdb-8427-300c48da8067', 'a1ae9e10-47b5-4c07-b4b0-3815bc75f8a5', N'القبة',N'Al Kobbeh')
INSERT INTO Kaza (Id, ProvinceId, NameAr, NameFo)
VALUES        ('25031145-3d7b-4245-8b22-e9e56c891741', 'a1ae9e10-47b5-4c07-b4b0-3815bc75f8a5', N'الميناء',N'Al Mina')
INSERT INTO Kaza (Id, ProvinceId, NameAr, NameFo)
VALUES        ('3b10fe9c-517f-48fc-983d-023a23561add', 'a1ae9e10-47b5-4c07-b4b0-3815bc75f8a5', N'ابو سمراء',N'Abou Samra')
INSERT INTO Kaza (Id, ProvinceId, NameAr, NameFo)
VALUES        ('e0b245b7-b452-4a11-bd51-12bb20f0afdc', 'a1ae9e10-47b5-4c07-b4b0-3815bc75f8a5', N'التل',N'Al Tal')
INSERT INTO Kaza (Id, ProvinceId, NameAr, NameFo)
VALUES        ('1e3c9190-f80b-41b0-aa24-5fa2ff9cc51a', 'ea426038-c51d-4d63-beae-ab10d98c1c40', N'الزاهرية',N'Al Zaherya')
--Regions
INSERT INTO [dbo].[Region] ([Id],[KazaId], [NameAr], [NameFo])
VALUES ('c22e4244-6373-4b89-8b81-873d7924b884', '818cd373-b7c6-4fcc-83c1-d16fd495ab18', N'الساحة', N'Al Saha')
INSERT INTO [dbo].[Region] ([Id],[KazaId], [NameAr], [NameFo])
VALUES ('e35661d8-6b5c-41a8-b529-e76d4f24f547', '818cd373-b7c6-4fcc-83c1-d16fd495ab18', N'شارع المعلمين', N'Moalimin Street')
INSERT INTO [dbo].[Region] ([Id],[KazaId], [NameAr], [NameFo])
VALUES ('ae9d6621-9683-4987-b80e-f81b8baf085a', '7987dc17-f3f8-4fdb-8427-300c48da8067', N'كلية العلوم', N'Koliat Al Oloum')
INSERT INTO [dbo].[Region] ([Id],[KazaId], [NameAr], [NameFo])
VALUES ('e04edb9d-926e-49eb-82ba-6fa7ae0112a2', '7987dc17-f3f8-4fdb-8427-300c48da8067', N'الطبابة', N'Al Tababah')
--Addresses
INSERT INTO [dbo].[DoctorAddress] ([Id], [RegionId], [DoctorId], [Address], [Type])
VALUES ('568996aa-1972-4066-b8e6-a7421aefe314', 'c22e4244-6373-4b89-8b81-873d7924b884', '55e1999c-e1a5-4a2b-88a4-0b90065f1463', 'A1', 1)
INSERT INTO [dbo].[DoctorAddress] ([Id], [RegionId], [DoctorId], [Address], [Type])
VALUES ('935bb42a-ee07-4e30-8a7d-71d434336639', 'e35661d8-6b5c-41a8-b529-e76d4f24f547', '55e1999c-e1a5-4a2b-88a4-0b90065f1463', 'A2', 1)
INSERT INTO [dbo].[DoctorAddress] ([Id], [RegionId], [DoctorId], [Address], [Type])
VALUES ('7678e25b-a727-4e18-9f40-251ca1fdb342', 'c22e4244-6373-4b89-8b81-873d7924b884', 'f3115f13-91ff-43dd-ab69-7f1ca6da6cf5', 'A3', 3)
INSERT INTO [dbo].[DoctorAddress] ([Id], [RegionId], [DoctorId], [Address], [Type])
VALUES ('2ac130eb-69c7-48bd-9b41-2eb816fbf6a6', 'c22e4244-6373-4b89-8b81-873d7924b884', 'f3115f13-91ff-43dd-ab69-7f1ca6da6cf5', 'A4', 2)
INSERT INTO [dbo].[DoctorAddress] ([Id], [RegionId], [DoctorId], [Address], [Type])
VALUES ('5a5d8a96-1e6d-4268-a8bf-76a95383823e', 'e35661d8-6b5c-41a8-b529-e76d4f24f547', 'f3115f13-91ff-43dd-ab69-7f1ca6da6cf5', 'A5', 4)

--Speciality
INSERT INTO [dbo].[Speciality] ([Id], [NameAr], [NameFr], [NameEn])
VALUES ('5a5d8a96-1e6d-4268-a8bf-76a95383823e', N'طب عام', N'General', N'General')
INSERT INTO [dbo].[Speciality] ([Id], [NameAr], [NameFr], [NameEn])
VALUES ('935bb42a-ee07-4e30-8a7d-71d434336639', N'قلب', N'Cardio', N'Cardio')

--Doctors speciality
INSERT INTO [dbo]. [DoctorSpeciality]([DoctorId], [SpecialityId])
VALUES ('55e1999c-e1a5-4a2b-88a4-0b90065f1463', '5a5d8a96-1e6d-4268-a8bf-76a95383823e')
INSERT INTO [dbo]. [DoctorSpeciality]([DoctorId], [SpecialityId])
VALUES ('f3115f13-91ff-43dd-ab69-7f1ca6da6cf5', '5a5d8a96-1e6d-4268-a8bf-76a95383823e')
INSERT INTO [dbo]. [DoctorSpeciality]([DoctorId], [SpecialityId])
VALUES ('55e1999c-e1a5-4a2b-88a4-0b90065f1463', '935bb42a-ee07-4e30-8a7d-71d434336639')
--Phones
INSERT INTO Phonebook (Id, DoctorAddressId, Phonenumber, Type)
VALUES        ('5a5d8a96-1e6d-4268-a8bf-76a95383823e', '568996aa-1972-4066-b8e6-a7421aefe314', '0096176321321', 1)
INSERT INTO Phonebook (Id, DoctorAddressId, Phonenumber, Type)
VALUES        ('2ac130eb-69c7-48bd-9b41-2eb816fbf6a6', '568996aa-1972-4066-b8e6-a7421aefe314', '0096178654654',2)
INSERT INTO Phonebook (Id, DoctorAddressId, Phonenumber, Type)
VALUES        ('5a5d8a96-1e6d-4268-a8bf-74a44483823e', '935bb42a-ee07-4e30-8a7d-71d434336639', '0096176321321', 1)